,Aroma,Appearance,Flavor,Mouthfeel,Overall
1,0.265923288167343,0.21804905214329875,0.1849689089673171,0.14709456761324982,0.23459449748885225
2,0.5595652329201473,0.418792286626118,0.36702230294228233,0.27879320388115664,0.46735524642329357
0,0.8482521226923465,0.6746707985431675,0.5875478378367435,0.5006575534343032,0.7202837550112346
